{
    "turn": 1,
    "metrics": {
        "MLP": {
            "RMSE": 1.5547897307964456,
            "MAE": 1.2710450937946893,
            "R2": 0.978488054928267
        },
        "RandomForest": {
            "RMSE": 2.2333508774318505,
            "MAE": 1.7375602506175547,
            "R2": 0.9556135642408222
        },
        "CatBoost": {
            "RMSE": 1.6486470215855331,
            "MAE": 1.2971834553909947,
            "R2": 0.9758124590319551
        }
    },
    "best_model": "MLP"
}